text, sentiment
"I love this product! It works wonderfully.", Positive
"This is the best day ever!", Positive
"I'm really happy with my purchase.", Positive
"Absolutely fantastic service!", Positive
"I feel great about this decision.", Positive
"This is okay, nothing special.", Neutral
"It's just an average experience.", Neutral
"I don't have strong feelings about it.", Neutral
"Unfortunately, it didn't meet my expectations.", Negative
"I'm very disappointed with the quality.", Negative
"This is the worst service I've ever received.", Negative
"I regret buying this product.", Negative
"Not worth the money.", Negative
"Could be better, but it's not terrible.", Neutral
"Meh, I've seen better.", Neutral
"Totally unacceptable!", Negative
"Very satisfied with the results!", Positive
"Could use some improvements.", Neutral
"Highly recommend this to everyone!", Positive
"Will never buy this again.", Negative
"Just what I needed!", Positive
"The experience was delightful and refreshing.", Positive
"I can't believe how much I enjoy this!", Positive
"Service was prompt and courteous.", Positive
"Exceeded my expectations in every way.", Positive
"An absolute joy to use!", Positive
"Not bad, but I've had better.", Neutral
"Decent, but nothing to write home about.", Neutral
"Could have been worse, I suppose.", Neutral
"Very frustrating experience overall.", Negative
"Disappointing, I expected more.", Negative
"Awful! I will not return.", Negative
"Terrible quality, very unhappy.", Negative
"Just okay, I guess.", Neutral
"Pretty good, but not perfect.", Neutral
"Fantastic value for the price!", Positive
"Really impressed with the quality.", Positive
"Best purchase I've made this year!", Positive
"Absolutely love it!", Positive
"Great product, will buy again.", Positive
"Not what I was hoping for.", Negative
"Could use a little more flavor.", Neutral
"Just average, nothing special.", Neutral
"Very poor customer service.", Negative
"Happy with my choice!", Positive
"Would recommend to friends.", Positive
"Not worth the hype.", Negative
"Okay, but I wouldn't buy it again.", Neutral
"Exceptional quality and performance!", Positive
"Very reliable and easy to use.", Positive
"Good, but could be improved.", Neutral
"Not impressed at all.", Negative
"Fantastic experience from start to finish!", Positive
"Really enjoyed this product.", Positive
"Could be better, but still good.", Neutral
"Displeased with the results.", Negative
"Absolutely perfect for my needs!", Positive
"Very useful and practical.", Positive
"Just what I was looking for!", Positive
"Not great, but not terrible either.", Neutral
"Very disappointing purchase.", Negative
"Highly effective and efficient.", Positive
"Service was lacking, unfortunately.", Negative
"Okay, but I expected more.", Neutral
"Wonderful experience overall!", Positive
"Very happy with my decision.", Positive
"Not worth the money I spent.", Negative
"Good product, but not what I expected.", Neutral
"Impressed with the quality!", Positive
"Could use some enhancements.", Neutral
"Very satisfied with the service.", Positive
"Will definitely buy again!", Positive
"Not a fan of this product.", Negative
"Just mediocre, nothing special.", Neutral
"Fantastic results, highly recommend!", Positive
"Very disappointing, won't buy again.", Negative
"Great for everyday use!", Positive
"Okay, but I've seen better.", Neutral
"Terrible experience, very unhappy.", Negative
"Absolutely love this brand!", Positive
"Very reliable and trustworthy.", Positive
"Not what I expected at all.", Negative
"Good, but could be improved.", Neutral
"Wonderful product, highly recommend!", Positive
"Very poor quality, not worth it.", Negative
"Just average, nothing to rave about.", Neutral
"Exceptional service and quality!", Positive
"Really enjoyed using this.", Positive
"Could be better, but still decent.", Neutral
"Very unhappy with my purchase.", Negative
"Fantastic value for the price!", Positive
"Not worth the hype, unfortunately.", Negative
"Okay, but I wouldn't buy it again.", Neutral
"Impressed with the results!", Positive
"Very disappointing experience overall.", Negative
"Great product, will buy again!", Positive
"Just what I needed!", Positive
"Not great, but not terrible either.", Neutral
"Very frustrating experience.", Negative
"Absolutely perfect for my needs!", Positive
"Highly recommend this to everyone!", Positive
"I absolutely adore this new phone! The camera quality is stunning.", Positive
"This restaurant has the best pasta I've ever tasted!", Positive
"I'm really pleased with the customer service I received.", Positive
"The movie was a delightful surprise; I loved every moment.", Positive
"Such a fantastic experience! I will definitely come back.", Positive
"The product is decent, but it could use some improvements.", Neutral
"I feel indifferent about this service; it was just okay.", Neutral
"Honestly, I didn't find it very interesting.", Neutral
"I was let down by the quality of this item.", Negative
"This is the worst experience I've had in a long time.", Negative
"I regret spending my money on this.", Negative
"The quality is subpar and not worth the price.", Negative
"Meh, it was just average.", Neutral
"I expected more from this brand.", Negative
"Not bad, but I've had better.", Neutral
"Absolutely love this book! It's a page-turner.", Positive
"The staff was friendly and helpful during my visit.", Positive
"I can't believe how great this software is!", Positive
"Very satisfied with my purchase; it exceeded my expectations.", Positive
"This is a must-try for anyone who loves desserts!", Positive
"Okay, but I wouldn't recommend it to others.", Neutral
"Just another typical experience; nothing special.", Neutral
"Very disappointing; I thought it would be better.", Negative
"Awful service; I will not be returning.", Negative
"Just okay, nothing to write home about.", Neutral
"Fantastic value for the price; highly recommend!", Positive
"Really impressed with how well it works.", Positive
"Best investment I've made in a while!", Positive
"Absolutely love the design and functionality.", Positive
"Great product, will definitely buy again.", Positive
"Not what I was hoping for; quite underwhelming.", Negative
"Could use a bit more flavor, but it's decent.", Neutral
"Just average; I've seen better options.", Neutral
"Customer service was lacking; I expected more.", Negative
"Thrilled with my decision to purchase this!", Positive
"Would recommend this to anyone looking for quality.", Positive
"Not worth the hype; I was disappointed.", Negative
"Okay, but I wouldn't buy it again.", Neutral
"Exceptional quality and performance; very happy!", Positive
"Very reliable and easy to use; I love it!", Positive
"Good, but could be improved in some areas.", Neutral
"Not impressed at all; I expected better.", Negative
"Fantastic experience from start to finish!", Positive
"Really enjoyed this product; it works great.", Positive
"Could be better, but still a solid choice.", Neutral
"Displeased with the results; not what I expected.", Negative
"Absolutely perfect for my needs; I couldn't be happier!", Positive
"Very useful and practical; I use it every day.", Positive
"Just what I was looking for; it fits perfectly!", Positive
"Not great, but not terrible either; just okay.", Neutral
"Very disappointing purchase; I won't buy again.", Negative
"Highly effective and efficient; I love it!", Positive
"Service was lacking; I was not impressed.", Negative
"Okay, but I expected more from this product.", Neutral
"Wonderful experience overall; I highly recommend it!", Positive
"Very happy with my decision to purchase this item.", Positive
"Not worth the money I spent; I regret it.", Negative
"Good product, but not what I expected; a bit underwhelming.", Neutral
"Impressed with the quality and performance; very satisfied!", Positive
"Could use some enhancements; it's not perfect.", Neutral
"Very satisfied with the service I received; they were helpful.", Positive
"Will definitely buy again; I'm a fan!", Positive
"Not a fan of this product; it didn't work for me.", Negative
"Just mediocre; nothing special about it.", Neutral
"Fantastic results; highly recommend this to everyone!", Positive
"Very disappointing; I won't buy this again.", Negative
"Great for everyday use; I love it!", Positive
"Okay, but I've seen better options out there.", Neutral
"Terrible experience; very unhappy with my purchase.", Negative
"Absolutely love this brand; they never disappoint!", Positive
"Very reliable and trustworthy; I always choose them.", Positive
"Not what I expected at all; quite disappointing.", Negative
"Good, but could be improved in some areas; it's decent.", Neutral
"Wonderful product; highly recommend to anyone!", Positive
"Very poor quality; not worth the money.", Negative
"Just average; nothing to rave about.", Neutral
"Exceptional service and quality; I was impressed!", Positive
"The concert was absolutely electrifying! I had a blast.", Positive
"I can't believe how beautiful this painting is; it's stunning!", Positive
"This app has made my life so much easier; I love it!", Positive
"The food at this restaurant is out of this world; highly recommend!", Positive
"I was pleasantly surprised by how well this product works.", Positive
"The service was decent, but I've experienced better elsewhere.", Neutral
"It was an average movie; nothing particularly memorable.", Neutral
"I feel neutral about this experience; it was just okay.", Neutral
"I was really let down by the quality of this item.", Negative
"This is the worst book I've ever read; I couldn't finish it.", Negative
"I regret buying this; it didn't live up to the hype.", Negative
"The quality is disappointing; I expected much more.", Negative
"It was just fine; nothing to get excited about.", Neutral
"I thought it would be better, but it fell short.", Negative
"Not bad, but I wouldn't go out of my way to recommend it.", Neutral
"I absolutely love this new coffee blend; it's perfect!", Positive
"The staff was incredibly friendly and attentive during my visit.", Positive
"I'm amazed at how quickly this gadget works; it's fantastic!", Positive
"This experience was beyond my expectations; I'm thrilled!", Positive
"I can't recommend this place enough; it's a hidden gem!", Positive
"Okay, but I wouldn't say it's my favorite.", Neutral
"Just another typical experience; nothing stood out.", Neutral
"I was really disappointed with the service; it was slow.", Negative
"Awful experience; I won't be returning anytime soon.", Negative
"It was just okay; I expected more excitement.", Neutral
"Fantastic value for the money; I'm very pleased!", Positive
"I'm really impressed with the durability of this product.", Positive
"This is the best decision I've made in a long time!", Positive
"I love the design and functionality of this item; it's perfect.", Positive
"Great product; I will definitely purchase again.", Positive
"Not what I was hoping for; it didn't meet my expectations.", Negative
"It could use a bit more seasoning; it's a little bland.", Neutral
"Just average; I've seen better options available.", Neutral
"Customer service was lacking; I was not impressed.", Negative
"I'm thrilled with my purchase; it works like a charm!", Positive
"I would recommend this to anyone looking for quality.", Positive
"Not worth the hype; I was quite let down.", Negative
"Okay, but I wouldn't buy it again; it was just fine.", Neutral
"Exceptional quality; I'm very happy with this purchase!", Positive
"Very reliable and easy to use; I can't complain.", Positive
"Good, but there's definitely room for improvement.", Neutral
"I was not impressed at all; it didn't work as advertised.", Negative
"Fantastic experience from start to finish; I loved it!", Positive
"I really enjoyed this product; it exceeded my expectations.", Positive
"It could be better, but it's still a solid choice.", Neutral
"I was unhappy with the results; it didn't meet my needs.", Negative
"This is exactly what I was looking for; I'm so glad I found it!", Positive
"Very practical and useful; I use it every day.", Positive
"Just what I needed; it fits perfectly into my routine!", Positive
"Not great, but not terrible either; just okay.", Neutral
"I was disappointed with my purchase; I expected more.", Negative
"Highly effective and efficient; I love using it!", Positive
"The service was subpar; I expected better treatment.", Negative
"Okay, but I thought it would be more impressive.", Neutral
"Wonderful experience overall; I highly recommend it!", Positive
"I'm very happy with my decision to buy this product.", Positive
"Not worth the money I spent; I regret it.", Negative
"Good product, but not what I expected; a bit underwhelming.", Neutral
"I'm impressed with the quality and performance; very satisfied!", Positive
"It could use some enhancements; it's not perfect yet.", Neutral
"I'm very satisfied with the service I received; they were helpful.", Positive
"I will definitely buy again; I'm a fan of this brand!", Positive
"I'm not a fan of this product; it didn't work for me.", Negative
"Just mediocre; nothing special about it.", Neutral
"Fantastic results; I highly recommend this to everyone!", Positive
"I was very disappointed; I won't buy this again.", Negative
"This is great for everyday use; I love it!", Positive
"Okay, but I've seen better options out there.", Neutral
"I had a terrible experience; very unhappy with my purchase.", Negative
"I absolutely love this brand; they never disappoint!", Positive
"The new park is a wonderful addition to the community; it's beautiful!", Positive
"I was really impressed by the quality of the craftsmanship in this furniture.", Positive
"The online course was incredibly informative and well-structured.", Positive
"I can't believe how much I've learned from this tutorial; it's fantastic!", Positive
"The concert last night was absolutely amazing; the band was on fire!", Positive
"The service was satisfactory, but nothing exceptional.", Neutral
"I feel neutral about the changes; they don't really affect me.", Neutral
"The meeting was somewhat productive, but it could have been shorter.", Neutral
"I was disappointed with the flavor of this dish; it was bland.", Negative
"This is the worst movie I've seen in a long time; it was a waste of time.", Negative
"I regret buying this jacket; it didn't fit as expected.", Negative
"The product quality is not what I anticipated; I'm quite let down.", Negative
"It was just okay; I expected a bit more excitement.", Neutral
"I thought the presentation would be more engaging, but it was dull.", Negative
"Not bad, but I wouldn't recommend it to my friends.", Neutral
"I absolutely love this new workout routine; it's so energizing!", Positive
"The staff at the hotel were incredibly accommodating and friendly.", Positive
"I'm amazed at how well this app helps me stay organized.", Positive
"This vacation was the best I've ever had; I can't wait to go back!", Positive
"I highly recommend this book; it's a must-read for everyone!", Positive
"It was fine, but I wouldn't say it was my favorite experience.", Neutral
"Just another average day; nothing particularly noteworthy happened.", Neutral
"I was really let down by the slow service at the restaurant.", Negative
"Awful experience; I won't be returning to this place.", Negative
"It was just okay; I expected a more thrilling adventure.", Neutral
"Fantastic value for the price; I'm very pleased with my purchase!", Positive
"I'm really impressed with how quickly this product arrived.", Positive
"This is the best decision I've made regarding my health; I'm thrilled!", Positive
"I love the innovative design of this gadget; it's so user-friendly.", Positive
"Great product; I will definitely buy it again.", Positive
"Not what I was hoping for; it didn't meet my expectations.", Negative
"It could use a bit more spice; it's a little bland for my taste.", Neutral
"Just average; I've seen better options available.", Neutral
"Customer service was lacking; I was not impressed.", Negative
"I'm thrilled with my purchase; it works like a charm!", Positive
"I would recommend this to anyone looking for quality.", Positive
"Not worth the hype; I was quite let down.", Negative
"Okay, but I wouldn't buy it again; it was just fine.", Neutral
"Exceptional quality; I'm very happy with this purchase!", Positive
"Very reliable and easy to use; I can't complain.", Positive
"Good, but there's definitely room for improvement.", Neutral
"I was not impressed at all; it didn't work as advertised.", Negative
"Fantastic experience from start to finish; I loved it!", Positive
"I really enjoyed this product; it exceeded my expectations.", Positive
"It could be better, but it's still a solid choice.", Neutral
"I was unhappy with the results; it didn't meet my needs.", Negative
"This is exactly what I was looking for; I'm so glad I found it!", Positive
"Very practical and useful; I use it every day.", Positive
"Just what I needed; it fits perfectly into my routine!", Positive
"Not great, but not terrible either; just okay.", Neutral
"I was disappointed with my purchase; I expected more.", Negative
"Highly effective and efficient; I love using it!", Positive
"The service was subpar; I expected better treatment.", Negative
"Okay, but I thought it would be more impressive.", Neutral
"Wonderful experience overall; I highly recommend it!", Positive
"I'm very happy with my decision to buy this product.", Positive
"Not worth the money I spent; I regret it.", Negative
"Good product, but not what I expected; a bit underwhelming.", Neutral
"I'm impressed with the quality and performance; very satisfied!", Positive
"It could use some enhancements; it's not perfect yet.", Neutral
"I'm very satisfied with the service I received; they were helpful.", Positive
"I will definitely buy again; I'm a fan of this brand!", Positive
"I'm not a fan of this product; it didn't work for me.", Negative
"Just mediocre; nothing special about it.", Neutral
"Fantastic results; I highly recommend this to everyone!", Positive
"I was very disappointed; I won't buy this again.", Negative
"This is great for everyday use; I love it!", Positive
"Okay

