text,sentiment
[i,love,this,product,it,works,wonderfully],positive
[this,is,the,best,day,ever],positive
[i,m,really,happy,with,my,purchase],positive
[absolutely,fantastic,service],positive
[i,feel,great,about,this,decision],positive
[this,is,okay,nothing,special],neutral
[it,s,just,an,average,experience],neutral
[i,don,t,have,strong,feelings,about,it],neutral
[unfortunately,it,didn,t,meet,my,expectations],negative
[i,m,very,disappointed,with,the,quality],negative
[this,is,the,worst,service,i,ve,ever,received],negative
[i,regret,buying,this,product],negative
[not,worth,the,money],negative
[could,be,better,but,it,s,not,terrible],neutral
[meh,i,ve,seen,better],neutral
[totally,unacceptable],negative
[very,satisfied,with,the,results],positive
[could,use,some,improvements],neutral
[highly,recommend,this,to,everyone],positive
[will,never,buy,this,again],negative
[just,what,i,needed],positive
[the,experience,was,delightful,and,refreshing],positive
[i,can,t,believe,how,much,i,enjoy,this],positive
[service,was,prompt,and,courteous],positive
[exceeded,my,expectations,in,every,way],positive
[an,absolute,joy,to,use],positive
[not,bad,but,i,ve,had,better],neutral
[decent,but,nothing,to,write,home,about],neutral
[could,have,been,worse,i,suppose],neutral
[very,frustrating,experience,overall],negative
[disappointing,i,expected,more],negative
[awful,i,will,not,return],negative
[terrible,quality,very,unhappy],negative
[just,okay,i,guess],neutral
[pretty,good,but,not,perfect],neutral
[fantastic,value,for,the,price],positive
[really,impressed,with,the,quality],positive
[best,purchase,i,ve,made,this,year],positive
[absolutely,love,it],positive
[great,product,will,buy,again],positive
[not,what,i,was,hoping,for],negative
[could,use,a,little,more,flavor],neutral
[just,average,nothing,special],neutral
[very,poor,customer,service],negative
[happy,with,my,choice],positive
[would,recommend,to,friends],positive
[not,worth,the,hype],negative
[okay,but,i,wouldn,t,buy,it,again],neutral
[exceptional,quality,and,performance],positive
[very,reliable,and,easy,to,use],positive
[good,but,could,be,improved],neutral
[not,impressed,at,all],negative
[fantastic,experience,from,start,to,finish],positive
[really,enjoyed,this,product],positive
[could,be,better,but,still,good],neutral
[displeased,with,the,results],negative
[absolutely,perfect,for,my,needs],positive
[very,useful,and,practical],positive
[just,what,i,was,looking,for],positive
[not,great,but,not,terrible,either],neutral
[very,disappointing,purchase],negative
[highly,effective,and,efficient],positive
[service,was,lacking,unfortunately],negative
[okay,but,i,expected,more],neutral
[wonderful,experience,overall],positive
[very,happy,with,my,decision],positive
[not,worth,the,money,i,spent],negative
[good,product,but,not,what,i,expected],neutral
[impressed,with,the,quality],positive
[could,use,some,enhancements],neutral
[very,satisfied,with,the,service],positive
[will,definitely,buy,again],positive
[not,a,fan,of,this,product],negative
[just,mediocre,nothing,special],neutral
[fantastic,results,highly,recommend],positive
[very,disappointing,won,t,buy,again],negative
[great,for,everyday,use],positive
[okay,but,i,ve,seen,better],neutral
[terrible,experience,very,unhappy],negative
[absolutely,love,this,brand],positive
[very,reliable,and,trustworthy],positive
[not,what,i,expected,at,all],negative
[good,but,could,be,improved],neutral
[wonderful,product,highly,recommend],positive
[very,poor,quality,not,worth,it],negative
[just,average,nothing,to,rave,about],neutral
[exceptional,service,and,quality],positive
[the,concert,was,absolutely,electrifying,i,had,a,blast],positive
[i,can,t,believe,how,beautiful,this,painting,is,it,s,stunning],positive
[this,app,has,made,my,life,so,much,easier,i,love,it],positive
[the,food,at,this,restaurant,is,out,of,this,world,highly,recommend],positive
[i,was,pleasantly,surprised,by,how,well,this,product,works],positive
[the,service,was,decent,but,i,ve,experienced,better,elsewhere],neutral
[it,was,an,average,movie,nothing,particularly,memorable],neutral
[i,feel,neutral,about,this,experience,it,was,just,okay],neutral
[i,was,really,let,down,by,the,quality,of,this,item],negative
[this,is,the,worst,book,i,ve,ever,read,i,couldn,t,finish,it],negative
[i,regret,buying,this,it,didn,t,live,up,to,the,hype],negative
[the,quality,is,disappointing,i,expected,much,more],negative
[it,was,just,fine,nothing,to,get,excited,about],neutral
[i,thought,it,would,be,better,but,it,fell,short],negative
[not,bad,but,i,wouldn,t,go,out,of,my,way,to,recommend,it],neutral
[i,absolutely,love,this,new,coffee,blend,it,s,perfect],positive
[the,staff,was,incredibly,friendly,and,attentive,during,my,visit],positive
[i,m,amazed,at,how,quickly,this,gadget,works,it,s,fantastic],positive
[this,experience,was,beyond,my,expectations,i,m,thrilled],positive
[i,can,t,recommend,this,place,enough,it,s,a,hidden,gem],positive
[okay,but,i,wouldn,t,say,it,s,my,favorite],neutral
